,Algorithm,Instance,Number of States,Extracted Number of States,RunNumber,Time(s),LastTokenQuery,EquivalenceQuery,Tree Depth,Inner Nodes,Accuracy_in_target,Accuracy_anywhere,IsEquivalentExact,IsEquivalentOmitZero
0,QuantNaryTreeLearner_Teacher_Filter_exact,PDFA - b9a8668b42344e5fa4d31c6847b2b25b,105,98,1,10.239096999999997,831,27,2,3,1.0,0.222,False,True
1,QuantNaryTreeLearner_Teacher_Filter_exact,PDFA - b9a8668b42344e5fa4d31c6847b2b25b,105,98,2,10.450421500000004,831,27,2,3,1.0,0.222,False,True
2,QuantNaryTreeLearner_Teacher_Filter_exact,PDFA - b9a8668b42344e5fa4d31c6847b2b25b,105,98,3,10.673780699999995,831,27,2,3,1.0,0.222,False,True
3,QuantNaryTreeLearner_Teacher_Filter_exact,PDFA - b9a8668b42344e5fa4d31c6847b2b25b,105,98,4,11.1933315,831,27,2,3,1.0,0.222,False,True
4,QuantNaryTreeLearner_Teacher_Filter_exact,PDFA - b9a8668b42344e5fa4d31c6847b2b25b,105,98,5,10.132368900000003,831,27,2,3,1.0,0.222,False,True
5,QuantNaryTreeLearner_Teacher_Filter_exact,PDFA - b9a8668b42344e5fa4d31c6847b2b25b,105,98,6,10.167250499999994,831,27,2,3,1.0,0.222,False,True
6,QuantNaryTreeLearner_Teacher_Filter_exact,PDFA - b9a8668b42344e5fa4d31c6847b2b25b,105,98,7,10.215457599999993,831,27,2,3,1.0,0.222,False,True
7,QuantNaryTreeLearner_Teacher_Filter_exact,PDFA - b9a8668b42344e5fa4d31c6847b2b25b,105,98,8,10.17339100000001,831,27,2,3,1.0,0.222,False,True
8,QuantNaryTreeLearner_Teacher_Filter_exact,PDFA - b9a8668b42344e5fa4d31c6847b2b25b,105,98,9,10.234958500000005,831,27,2,3,1.0,0.222,False,True
9,QuantNaryTreeLearner_Teacher_Filter_exact,PDFA - b9a8668b42344e5fa4d31c6847b2b25b,105,98,10,9.757874299999997,831,27,2,3,1.0,0.222,False,True
10,QuantNaryTreeLearner_Teacher_Filter_exact,PDFA - bbc6e13076f14f4b9f298ae5d370902b,104,87,1,7.95856839999999,735,24,3,4,1.0,0.244,False,True
11,QuantNaryTreeLearner_Teacher_Filter_exact,PDFA - bbc6e13076f14f4b9f298ae5d370902b,104,87,2,7.932865800000002,735,24,3,4,1.0,0.244,False,True
12,QuantNaryTreeLearner_Teacher_Filter_exact,PDFA - bbc6e13076f14f4b9f298ae5d370902b,104,87,3,8.526692300000008,735,24,3,4,1.0,0.244,False,True
13,QuantNaryTreeLearner_Teacher_Filter_exact,PDFA - bbc6e13076f14f4b9f298ae5d370902b,104,87,4,7.8362716000000034,735,24,3,4,1.0,0.244,False,True
14,QuantNaryTreeLearner_Teacher_Filter_exact,PDFA - bbc6e13076f14f4b9f298ae5d370902b,104,87,5,8.2283544,735,24,3,4,1.0,0.244,False,True
15,QuantNaryTreeLearner_Teacher_Filter_exact,PDFA - bbc6e13076f14f4b9f298ae5d370902b,104,87,6,8.192662599999949,735,24,3,4,1.0,0.244,False,True
16,QuantNaryTreeLearner_Teacher_Filter_exact,PDFA - bbc6e13076f14f4b9f298ae5d370902b,104,87,7,8.086926199999994,735,24,3,4,1.0,0.244,False,True
17,QuantNaryTreeLearner_Teacher_Filter_exact,PDFA - bbc6e13076f14f4b9f298ae5d370902b,104,87,8,7.624204099999986,735,24,3,4,1.0,0.244,False,True
18,QuantNaryTreeLearner_Teacher_Filter_exact,PDFA - bbc6e13076f14f4b9f298ae5d370902b,104,87,9,8.793710799999985,735,24,3,4,1.0,0.244,False,True
19,QuantNaryTreeLearner_Teacher_Filter_exact,PDFA - bbc6e13076f14f4b9f298ae5d370902b,104,87,10,7.916500799999994,735,24,3,4,1.0,0.244,False,True
20,QuantNaryTreeLearner_Teacher_Filter_exact,PDFA - 65122d6ce40d45938922b5a2a8b05775,102,92,1,9.045169999999985,825,28,3,4,1.0,0.368,False,True
21,QuantNaryTreeLearner_Teacher_Filter_exact,PDFA - 65122d6ce40d45938922b5a2a8b05775,102,92,2,8.653082900000015,825,28,3,4,1.0,0.368,False,True
22,QuantNaryTreeLearner_Teacher_Filter_exact,PDFA - 65122d6ce40d45938922b5a2a8b05775,102,92,3,8.77758540000002,825,28,3,4,1.0,0.368,False,True
23,QuantNaryTreeLearner_Teacher_Filter_exact,PDFA - 65122d6ce40d45938922b5a2a8b05775,102,92,4,9.257354899999996,825,28,3,4,1.0,0.368,False,True
24,QuantNaryTreeLearner_Teacher_Filter_exact,PDFA - 65122d6ce40d45938922b5a2a8b05775,102,92,5,9.085644000000002,825,28,3,4,1.0,0.368,False,True
25,QuantNaryTreeLearner_Teacher_Filter_exact,PDFA - 65122d6ce40d45938922b5a2a8b05775,102,92,6,8.790002900000047,825,28,3,4,1.0,0.368,False,True
26,QuantNaryTreeLearner_Teacher_Filter_exact,PDFA - 65122d6ce40d45938922b5a2a8b05775,102,92,7,8.724334400000032,825,28,3,4,1.0,0.368,False,True
27,QuantNaryTreeLearner_Teacher_Filter_exact,PDFA - 65122d6ce40d45938922b5a2a8b05775,102,92,8,8.752638700000034,825,28,3,4,1.0,0.368,False,True
28,QuantNaryTreeLearner_Teacher_Filter_exact,PDFA - 65122d6ce40d45938922b5a2a8b05775,102,92,9,8.851572399999952,825,28,3,4,1.0,0.368,False,True
29,QuantNaryTreeLearner_Teacher_Filter_exact,PDFA - 65122d6ce40d45938922b5a2a8b05775,102,92,10,8.85394789999998,825,28,3,4,1.0,0.368,False,True
30,QuantNaryTreeLearner_Teacher_Filter_exact,PDFA - f19295fb6356476fa9be8f879e2acc46,90,80,1,5.899660600000004,708,21,3,5,1.0,0.288,False,True
31,QuantNaryTreeLearner_Teacher_Filter_exact,PDFA - f19295fb6356476fa9be8f879e2acc46,90,80,2,5.791180699999984,708,21,3,5,1.0,0.288,False,True
32,QuantNaryTreeLearner_Teacher_Filter_exact,PDFA - f19295fb6356476fa9be8f879e2acc46,90,80,3,5.716112899999985,708,21,3,5,1.0,0.288,False,True
33,QuantNaryTreeLearner_Teacher_Filter_exact,PDFA - f19295fb6356476fa9be8f879e2acc46,90,80,4,5.966191999999978,708,21,3,5,1.0,0.288,False,True
34,QuantNaryTreeLearner_Teacher_Filter_exact,PDFA - f19295fb6356476fa9be8f879e2acc46,90,80,5,5.78109470000004,708,21,3,5,1.0,0.288,False,True
35,QuantNaryTreeLearner_Teacher_Filter_exact,PDFA - f19295fb6356476fa9be8f879e2acc46,90,80,6,5.792778999999996,708,21,3,5,1.0,0.288,False,True
36,QuantNaryTreeLearner_Teacher_Filter_exact,PDFA - f19295fb6356476fa9be8f879e2acc46,90,80,7,5.880756499999961,708,21,3,5,1.0,0.288,False,True
37,QuantNaryTreeLearner_Teacher_Filter_exact,PDFA - f19295fb6356476fa9be8f879e2acc46,90,80,8,5.725300600000082,708,21,3,5,1.0,0.288,False,True
38,QuantNaryTreeLearner_Teacher_Filter_exact,PDFA - f19295fb6356476fa9be8f879e2acc46,90,80,9,5.800023499999952,708,21,3,5,1.0,0.288,False,True
39,QuantNaryTreeLearner_Teacher_Filter_exact,PDFA - f19295fb6356476fa9be8f879e2acc46,90,80,10,5.819866199999979,708,21,3,5,1.0,0.288,False,True
40,QuantNaryTreeLearner_Teacher_Filter_exact,PDFA - 3f1e59d0a90541f7bdcb291e0a238d97,100,88,1,8.008462699999995,762,25,3,4,1.0,0.335,False,True
41,QuantNaryTreeLearner_Teacher_Filter_exact,PDFA - 3f1e59d0a90541f7bdcb291e0a238d97,100,88,2,8.092233400000055,762,25,3,4,1.0,0.335,False,True
42,QuantNaryTreeLearner_Teacher_Filter_exact,PDFA - 3f1e59d0a90541f7bdcb291e0a238d97,100,88,3,8.338918800000101,762,25,3,4,1.0,0.335,False,True
43,QuantNaryTreeLearner_Teacher_Filter_exact,PDFA - 3f1e59d0a90541f7bdcb291e0a238d97,100,88,4,9.101174000000015,762,25,3,4,1.0,0.335,False,True
44,QuantNaryTreeLearner_Teacher_Filter_exact,PDFA - 3f1e59d0a90541f7bdcb291e0a238d97,100,88,5,8.60323799999992,762,25,3,4,1.0,0.335,False,True
45,QuantNaryTreeLearner_Teacher_Filter_exact,PDFA - 3f1e59d0a90541f7bdcb291e0a238d97,100,88,6,8.64108120000003,762,25,3,4,1.0,0.335,False,True
46,QuantNaryTreeLearner_Teacher_Filter_exact,PDFA - 3f1e59d0a90541f7bdcb291e0a238d97,100,88,7,8.617904199999998,762,25,3,4,1.0,0.335,False,True
47,QuantNaryTreeLearner_Teacher_Filter_exact,PDFA - 3f1e59d0a90541f7bdcb291e0a238d97,100,88,8,8.267686099999992,762,25,3,4,1.0,0.335,False,True
48,QuantNaryTreeLearner_Teacher_Filter_exact,PDFA - 3f1e59d0a90541f7bdcb291e0a238d97,100,88,9,8.253623199999993,762,25,3,4,1.0,0.335,False,True
49,QuantNaryTreeLearner_Teacher_Filter_exact,PDFA - 3f1e59d0a90541f7bdcb291e0a238d97,100,88,10,8.017828000000009,762,25,3,4,1.0,0.335,False,True
50,QuantNaryTreeLearner_Teacher_Filter_exact,PDFA - e1a532089ad8499aa2c6a982dec173cc,100,81,1,6.746517499999982,690,23,3,4,1.0,0.148,False,True
51,QuantNaryTreeLearner_Teacher_Filter_exact,PDFA - e1a532089ad8499aa2c6a982dec173cc,100,81,2,6.757237700000019,690,23,3,4,1.0,0.148,False,True
52,QuantNaryTreeLearner_Teacher_Filter_exact,PDFA - e1a532089ad8499aa2c6a982dec173cc,100,81,3,7.386215900000025,690,23,3,4,1.0,0.148,False,True
53,QuantNaryTreeLearner_Teacher_Filter_exact,PDFA - e1a532089ad8499aa2c6a982dec173cc,100,81,4,6.753462499999955,690,23,3,4,1.0,0.148,False,True
54,QuantNaryTreeLearner_Teacher_Filter_exact,PDFA - e1a532089ad8499aa2c6a982dec173cc,100,81,5,6.803581399999985,690,23,3,4,1.0,0.148,False,True
55,QuantNaryTreeLearner_Teacher_Filter_exact,PDFA - e1a532089ad8499aa2c6a982dec173cc,100,81,6,6.7484613999999965,690,23,3,4,1.0,0.148,False,True
56,QuantNaryTreeLearner_Teacher_Filter_exact,PDFA - e1a532089ad8499aa2c6a982dec173cc,100,81,7,6.715422500000045,690,23,3,4,1.0,0.148,False,True
57,QuantNaryTreeLearner_Teacher_Filter_exact,PDFA - e1a532089ad8499aa2c6a982dec173cc,100,81,8,7.085153900000023,690,23,3,4,1.0,0.148,False,True
58,QuantNaryTreeLearner_Teacher_Filter_exact,PDFA - e1a532089ad8499aa2c6a982dec173cc,100,81,9,6.759080100000006,690,23,3,4,1.0,0.148,False,True
59,QuantNaryTreeLearner_Teacher_Filter_exact,PDFA - e1a532089ad8499aa2c6a982dec173cc,100,81,10,6.719817400000011,690,23,3,4,1.0,0.148,False,True
60,QuantNaryTreeLearner_Teacher_Filter_exact,PDFA - e104a705be884572814b64d7e767908b,96,80,1,5.463223900000003,654,20,3,5,1.0,0.253,False,True
61,QuantNaryTreeLearner_Teacher_Filter_exact,PDFA - e104a705be884572814b64d7e767908b,96,80,2,5.465283799999952,654,20,3,5,1.0,0.253,False,True
62,QuantNaryTreeLearner_Teacher_Filter_exact,PDFA - e104a705be884572814b64d7e767908b,96,80,3,5.796697100000074,654,20,3,5,1.0,0.253,False,True
63,QuantNaryTreeLearner_Teacher_Filter_exact,PDFA - e104a705be884572814b64d7e767908b,96,80,4,5.523408399999994,654,20,3,5,1.0,0.253,False,True
64,QuantNaryTreeLearner_Teacher_Filter_exact,PDFA - e104a705be884572814b64d7e767908b,96,80,5,5.491752399999996,654,20,3,5,1.0,0.253,False,True
65,QuantNaryTreeLearner_Teacher_Filter_exact,PDFA - e104a705be884572814b64d7e767908b,96,80,6,5.4746119000000135,654,20,3,5,1.0,0.253,False,True
66,QuantNaryTreeLearner_Teacher_Filter_exact,PDFA - e104a705be884572814b64d7e767908b,96,80,7,5.514136699999995,654,20,3,5,1.0,0.253,False,True
67,QuantNaryTreeLearner_Teacher_Filter_exact,PDFA - e104a705be884572814b64d7e767908b,96,80,8,5.4729308999999375,654,20,3,5,1.0,0.253,False,True
68,QuantNaryTreeLearner_Teacher_Filter_exact,PDFA - e104a705be884572814b64d7e767908b,96,80,9,5.669410900000003,654,20,3,5,1.0,0.253,False,True
69,QuantNaryTreeLearner_Teacher_Filter_exact,PDFA - e104a705be884572814b64d7e767908b,96,80,10,5.459599799999978,654,20,3,5,1.0,0.253,False,True
70,QuantNaryTreeLearner_Teacher_Filter_exact,PDFA - 44782371e47a4da4bc5d6f028096e4e2,110,89,1,7.546746999999982,759,24,3,4,1.0,0.183,False,True
71,QuantNaryTreeLearner_Teacher_Filter_exact,PDFA - 44782371e47a4da4bc5d6f028096e4e2,110,89,2,7.533902600000033,759,24,3,4,1.0,0.183,False,True
72,QuantNaryTreeLearner_Teacher_Filter_exact,PDFA - 44782371e47a4da4bc5d6f028096e4e2,110,89,3,7.7078001999999515,759,24,3,4,1.0,0.183,False,True
73,QuantNaryTreeLearner_Teacher_Filter_exact,PDFA - 44782371e47a4da4bc5d6f028096e4e2,110,89,4,7.294537900000023,759,24,3,4,1.0,0.183,False,True
74,QuantNaryTreeLearner_Teacher_Filter_exact,PDFA - 44782371e47a4da4bc5d6f028096e4e2,110,89,5,7.411766299999954,759,24,3,4,1.0,0.183,False,True
75,QuantNaryTreeLearner_Teacher_Filter_exact,PDFA - 44782371e47a4da4bc5d6f028096e4e2,110,89,6,7.389922800000022,759,24,3,4,1.0,0.183,False,True
76,QuantNaryTreeLearner_Teacher_Filter_exact,PDFA - 44782371e47a4da4bc5d6f028096e4e2,110,89,7,7.385715399999981,759,24,3,4,1.0,0.183,False,True
77,QuantNaryTreeLearner_Teacher_Filter_exact,PDFA - 44782371e47a4da4bc5d6f028096e4e2,110,89,8,7.852588900000001,759,24,3,4,1.0,0.183,False,True
78,QuantNaryTreeLearner_Teacher_Filter_exact,PDFA - 44782371e47a4da4bc5d6f028096e4e2,110,89,9,7.416392400000177,759,24,3,4,1.0,0.183,False,True
79,QuantNaryTreeLearner_Teacher_Filter_exact,PDFA - 44782371e47a4da4bc5d6f028096e4e2,110,89,10,7.384884400000146,759,24,3,4,1.0,0.183,False,True
80,QuantNaryTreeLearner_Teacher_Filter_exact,PDFA - 72113d58c4a44824996498240fddb8a2,101,93,1,9.433706500000199,855,30,3,5,1.0,0.446,False,True
81,QuantNaryTreeLearner_Teacher_Filter_exact,PDFA - 72113d58c4a44824996498240fddb8a2,101,93,2,9.610386399999925,855,30,3,5,1.0,0.446,False,True
82,QuantNaryTreeLearner_Teacher_Filter_exact,PDFA - 72113d58c4a44824996498240fddb8a2,101,93,3,10.784226399999852,855,30,3,5,1.0,0.446,False,True
83,QuantNaryTreeLearner_Teacher_Filter_exact,PDFA - 72113d58c4a44824996498240fddb8a2,101,93,4,10.336569700000155,855,30,3,5,1.0,0.446,False,True
84,QuantNaryTreeLearner_Teacher_Filter_exact,PDFA - 72113d58c4a44824996498240fddb8a2,101,93,5,9.828602399999909,855,30,3,5,1.0,0.446,False,True
85,QuantNaryTreeLearner_Teacher_Filter_exact,PDFA - 72113d58c4a44824996498240fddb8a2,101,93,6,10.577565999999933,855,30,3,5,1.0,0.446,False,True
86,QuantNaryTreeLearner_Teacher_Filter_exact,PDFA - 72113d58c4a44824996498240fddb8a2,101,93,7,10.40415280000002,855,30,3,5,1.0,0.446,False,True
87,QuantNaryTreeLearner_Teacher_Filter_exact,PDFA - 72113d58c4a44824996498240fddb8a2,101,93,8,10.837902900000017,855,30,3,5,1.0,0.446,False,True
88,QuantNaryTreeLearner_Teacher_Filter_exact,PDFA - 72113d58c4a44824996498240fddb8a2,101,93,9,10.012514399999873,855,30,3,5,1.0,0.446,False,True
89,QuantNaryTreeLearner_Teacher_Filter_exact,PDFA - 72113d58c4a44824996498240fddb8a2,101,93,10,9.908934499999987,855,30,3,5,1.0,0.446,False,True
90,QuantNaryTreeLearner_Teacher_Filter_exact,PDFA - 919098aa5aee4152a38ce4950f9031ab,98,87,1,7.5175683999998455,726,21,3,4,1.0,0.196,False,True
91,QuantNaryTreeLearner_Teacher_Filter_exact,PDFA - 919098aa5aee4152a38ce4950f9031ab,98,87,2,7.2059953999998925,726,21,3,4,1.0,0.196,False,True
92,QuantNaryTreeLearner_Teacher_Filter_exact,PDFA - 919098aa5aee4152a38ce4950f9031ab,98,87,3,7.328150300000061,726,21,3,4,1.0,0.196,False,True
93,QuantNaryTreeLearner_Teacher_Filter_exact,PDFA - 919098aa5aee4152a38ce4950f9031ab,98,87,4,7.263121200000114,726,21,3,4,1.0,0.196,False,True
94,QuantNaryTreeLearner_Teacher_Filter_exact,PDFA - 919098aa5aee4152a38ce4950f9031ab,98,87,5,6.897791999999981,726,21,3,4,1.0,0.196,False,True
95,QuantNaryTreeLearner_Teacher_Filter_exact,PDFA - 919098aa5aee4152a38ce4950f9031ab,98,87,6,7.173897200000056,726,21,3,4,1.0,0.196,False,True
96,QuantNaryTreeLearner_Teacher_Filter_exact,PDFA - 919098aa5aee4152a38ce4950f9031ab,98,87,7,7.2360162999998465,726,21,3,4,1.0,0.196,False,True
97,QuantNaryTreeLearner_Teacher_Filter_exact,PDFA - 919098aa5aee4152a38ce4950f9031ab,98,87,8,7.131958600000189,726,21,3,4,1.0,0.196,False,True
98,QuantNaryTreeLearner_Teacher_Filter_exact,PDFA - 919098aa5aee4152a38ce4950f9031ab,98,87,9,6.921880000000101,726,21,3,4,1.0,0.196,False,True
99,QuantNaryTreeLearner_Teacher_Filter_exact,PDFA - 919098aa5aee4152a38ce4950f9031ab,98,87,10,7.027870799999846,726,21,3,4,1.0,0.196,False,True
100,QuantNaryTreeLearner_Teacher_Filter_exact,PDFA - 598c36944bbe45089b9de43c4bdf9ea4,199,168,1,31.536579200000006,1545,43,3,4,1.0,0.246,False,True
101,QuantNaryTreeLearner_Teacher_Filter_exact,PDFA - 598c36944bbe45089b9de43c4bdf9ea4,199,168,2,31.42595879999999,1545,43,3,4,1.0,0.246,False,True
102,QuantNaryTreeLearner_Teacher_Filter_exact,PDFA - 598c36944bbe45089b9de43c4bdf9ea4,199,168,3,30.09901560000003,1545,43,3,4,1.0,0.246,False,True
103,QuantNaryTreeLearner_Teacher_Filter_exact,PDFA - 598c36944bbe45089b9de43c4bdf9ea4,199,168,4,30.341134199999942,1545,43,3,4,1.0,0.246,False,True
104,QuantNaryTreeLearner_Teacher_Filter_exact,PDFA - 598c36944bbe45089b9de43c4bdf9ea4,199,168,5,30.489686399999982,1545,43,3,4,1.0,0.246,False,True
105,QuantNaryTreeLearner_Teacher_Filter_exact,PDFA - 598c36944bbe45089b9de43c4bdf9ea4,199,168,6,31.521909199999982,1545,43,3,4,1.0,0.246,False,True
106,QuantNaryTreeLearner_Teacher_Filter_exact,PDFA - 598c36944bbe45089b9de43c4bdf9ea4,199,168,7,31.112643000000162,1545,43,3,4,1.0,0.246,False,True
107,QuantNaryTreeLearner_Teacher_Filter_exact,PDFA - 598c36944bbe45089b9de43c4bdf9ea4,199,168,8,30.899505299999873,1545,43,3,4,1.0,0.246,False,True
108,QuantNaryTreeLearner_Teacher_Filter_exact,PDFA - 598c36944bbe45089b9de43c4bdf9ea4,199,168,9,30.515881600000057,1545,43,3,4,1.0,0.246,False,True
109,QuantNaryTreeLearner_Teacher_Filter_exact,PDFA - 598c36944bbe45089b9de43c4bdf9ea4,199,168,10,30.357043599999997,1545,43,3,4,1.0,0.246,False,True
110,QuantNaryTreeLearner_Teacher_Filter_exact,PDFA - 903f55ac43d64046876fb1f4959fd8f1,206,179,1,44.42713660000004,1662,48,3,4,1.0,0.224,False,True
111,QuantNaryTreeLearner_Teacher_Filter_exact,PDFA - 903f55ac43d64046876fb1f4959fd8f1,206,179,2,43.1514666999999,1662,48,3,4,1.0,0.224,False,True
112,QuantNaryTreeLearner_Teacher_Filter_exact,PDFA - 903f55ac43d64046876fb1f4959fd8f1,206,179,3,43.866693799999894,1662,48,3,4,1.0,0.224,False,True
113,QuantNaryTreeLearner_Teacher_Filter_exact,PDFA - 903f55ac43d64046876fb1f4959fd8f1,206,179,4,43.69332950000012,1662,48,3,4,1.0,0.224,False,True
114,QuantNaryTreeLearner_Teacher_Filter_exact,PDFA - 903f55ac43d64046876fb1f4959fd8f1,206,179,5,42.88319440000032,1662,48,3,4,1.0,0.224,False,True
115,QuantNaryTreeLearner_Teacher_Filter_exact,PDFA - 903f55ac43d64046876fb1f4959fd8f1,206,179,6,43.009295100000145,1662,48,3,4,1.0,0.224,False,True
116,QuantNaryTreeLearner_Teacher_Filter_exact,PDFA - 903f55ac43d64046876fb1f4959fd8f1,206,179,7,43.08378020000009,1662,48,3,4,1.0,0.224,False,True
117,QuantNaryTreeLearner_Teacher_Filter_exact,PDFA - 903f55ac43d64046876fb1f4959fd8f1,206,179,8,43.53266299999996,1662,48,3,4,1.0,0.224,False,True
118,QuantNaryTreeLearner_Teacher_Filter_exact,PDFA - 903f55ac43d64046876fb1f4959fd8f1,206,179,9,43.7118031,1662,48,3,4,1.0,0.224,False,True
119,QuantNaryTreeLearner_Teacher_Filter_exact,PDFA - 903f55ac43d64046876fb1f4959fd8f1,206,179,10,42.86091329999999,1662,48,3,4,1.0,0.224,False,True
120,QuantNaryTreeLearner_Teacher_Filter_exact,PDFA - a97a877336b74c25b121b4e371049acc,208,195,1,46.38729770000009,1740,46,3,5,1.0,0.133,False,True
121,QuantNaryTreeLearner_Teacher_Filter_exact,PDFA - a97a877336b74c25b121b4e371049acc,208,195,2,46.148254299999735,1740,46,3,5,1.0,0.133,False,True
122,QuantNaryTreeLearner_Teacher_Filter_exact,PDFA - a97a877336b74c25b121b4e371049acc,208,195,3,45.8255322,1740,46,3,5,1.0,0.133,False,True
123,QuantNaryTreeLearner_Teacher_Filter_exact,PDFA - a97a877336b74c25b121b4e371049acc,208,195,4,46.287896400000136,1740,46,3,5,1.0,0.133,False,True
124,QuantNaryTreeLearner_Teacher_Filter_exact,PDFA - a97a877336b74c25b121b4e371049acc,208,195,5,46.24751559999959,1740,46,3,5,1.0,0.133,False,True
125,QuantNaryTreeLearner_Teacher_Filter_exact,PDFA - a97a877336b74c25b121b4e371049acc,208,195,6,46.51713329999984,1740,46,3,5,1.0,0.133,False,True
126,QuantNaryTreeLearner_Teacher_Filter_exact,PDFA - a97a877336b74c25b121b4e371049acc,208,195,7,46.118772900000295,1740,46,3,5,1.0,0.133,False,True
127,QuantNaryTreeLearner_Teacher_Filter_exact,PDFA - a97a877336b74c25b121b4e371049acc,208,195,8,47.07803890000014,1740,46,3,5,1.0,0.133,False,True
128,QuantNaryTreeLearner_Teacher_Filter_exact,PDFA - a97a877336b74c25b121b4e371049acc,208,195,9,46.61820880000005,1740,46,3,5,1.0,0.133,False,True
129,QuantNaryTreeLearner_Teacher_Filter_exact,PDFA - a97a877336b74c25b121b4e371049acc,208,195,10,46.92021040000009,1740,46,3,5,1.0,0.133,False,True
130,QuantNaryTreeLearner_Teacher_Filter_exact,PDFA - bd9092d46eab4d55a46743b757bc90d2,205,176,1,43.08520920000001,1605,52,3,5,1.0,0.175,False,True
131,QuantNaryTreeLearner_Teacher_Filter_exact,PDFA - bd9092d46eab4d55a46743b757bc90d2,205,176,2,43.480577399999675,1605,52,3,5,1.0,0.175,False,True
132,QuantNaryTreeLearner_Teacher_Filter_exact,PDFA - bd9092d46eab4d55a46743b757bc90d2,205,176,3,44.41345820000015,1605,52,3,5,1.0,0.175,False,True
133,QuantNaryTreeLearner_Teacher_Filter_exact,PDFA - bd9092d46eab4d55a46743b757bc90d2,205,176,4,44.109098299999914,1605,52,3,5,1.0,0.175,False,True
134,QuantNaryTreeLearner_Teacher_Filter_exact,PDFA - bd9092d46eab4d55a46743b757bc90d2,205,176,5,43.74586640000007,1605,52,3,5,1.0,0.175,False,True
135,QuantNaryTreeLearner_Teacher_Filter_exact,PDFA - bd9092d46eab4d55a46743b757bc90d2,205,176,6,43.04676479999989,1605,52,3,5,1.0,0.175,False,True
136,QuantNaryTreeLearner_Teacher_Filter_exact,PDFA - bd9092d46eab4d55a46743b757bc90d2,205,176,7,43.44184489999998,1605,52,3,5,1.0,0.175,False,True
137,QuantNaryTreeLearner_Teacher_Filter_exact,PDFA - bd9092d46eab4d55a46743b757bc90d2,205,176,8,44.67591360000006,1605,52,3,5,1.0,0.175,False,True
138,QuantNaryTreeLearner_Teacher_Filter_exact,PDFA - bd9092d46eab4d55a46743b757bc90d2,205,176,9,43.05086150000034,1605,52,3,5,1.0,0.175,False,True
139,QuantNaryTreeLearner_Teacher_Filter_exact,PDFA - bd9092d46eab4d55a46743b757bc90d2,205,176,10,41.88669400000026,1605,52,3,5,1.0,0.175,False,True
140,QuantNaryTreeLearner_Teacher_Filter_exact,PDFA - 1e4abda20b91469f9bc5f1e18ac971ea,206,183,1,35.11707969999998,1617,44,3,5,1.0,0.316,False,True
141,QuantNaryTreeLearner_Teacher_Filter_exact,PDFA - 1e4abda20b91469f9bc5f1e18ac971ea,206,183,2,35.666901099999905,1617,44,3,5,1.0,0.316,False,True
142,QuantNaryTreeLearner_Teacher_Filter_exact,PDFA - 1e4abda20b91469f9bc5f1e18ac971ea,206,183,3,38.346928599999956,1617,44,3,5,1.0,0.316,False,True
143,QuantNaryTreeLearner_Teacher_Filter_exact,PDFA - 1e4abda20b91469f9bc5f1e18ac971ea,206,183,4,36.08680409999988,1617,44,3,5,1.0,0.316,False,True
144,QuantNaryTreeLearner_Teacher_Filter_exact,PDFA - 1e4abda20b91469f9bc5f1e18ac971ea,206,183,5,36.60305890000018,1617,44,3,5,1.0,0.316,False,True
145,QuantNaryTreeLearner_Teacher_Filter_exact,PDFA - 1e4abda20b91469f9bc5f1e18ac971ea,206,183,6,36.02479210000001,1617,44,3,5,1.0,0.316,False,True
146,QuantNaryTreeLearner_Teacher_Filter_exact,PDFA - 1e4abda20b91469f9bc5f1e18ac971ea,206,183,7,36.249049399999876,1617,44,3,5,1.0,0.316,False,True
147,QuantNaryTreeLearner_Teacher_Filter_exact,PDFA - 1e4abda20b91469f9bc5f1e18ac971ea,206,183,8,35.43357149999974,1617,44,3,5,1.0,0.316,False,True
148,QuantNaryTreeLearner_Teacher_Filter_exact,PDFA - 1e4abda20b91469f9bc5f1e18ac971ea,206,183,9,35.849581299999954,1617,44,3,5,1.0,0.316,False,True
149,QuantNaryTreeLearner_Teacher_Filter_exact,PDFA - 1e4abda20b91469f9bc5f1e18ac971ea,206,183,10,34.9885890999999,1617,44,3,5,1.0,0.316,False,True
150,QuantNaryTreeLearner_Teacher_Filter_exact,PDFA - b0c1dd45386e4583842f14cce3adb096,191,165,1,34.69925199999989,1491,47,3,5,1.0,0.301,False,True
151,QuantNaryTreeLearner_Teacher_Filter_exact,PDFA - b0c1dd45386e4583842f14cce3adb096,191,165,2,34.272139100000004,1491,47,3,5,1.0,0.301,False,True
152,QuantNaryTreeLearner_Teacher_Filter_exact,PDFA - b0c1dd45386e4583842f14cce3adb096,191,165,3,34.69792940000025,1491,47,3,5,1.0,0.301,False,True
153,QuantNaryTreeLearner_Teacher_Filter_exact,PDFA - b0c1dd45386e4583842f14cce3adb096,191,165,4,34.38432069999999,1491,47,3,5,1.0,0.301,False,True
154,QuantNaryTreeLearner_Teacher_Filter_exact,PDFA - b0c1dd45386e4583842f14cce3adb096,191,165,5,34.28147370000033,1491,47,3,5,1.0,0.301,False,True
155,QuantNaryTreeLearner_Teacher_Filter_exact,PDFA - b0c1dd45386e4583842f14cce3adb096,191,165,6,34.80541240000002,1491,47,3,5,1.0,0.301,False,True
156,QuantNaryTreeLearner_Teacher_Filter_exact,PDFA - b0c1dd45386e4583842f14cce3adb096,191,165,7,34.2347249000004,1491,47,3,5,1.0,0.301,False,True
157,QuantNaryTreeLearner_Teacher_Filter_exact,PDFA - b0c1dd45386e4583842f14cce3adb096,191,165,8,34.91094599999997,1491,47,3,5,1.0,0.301,False,True
158,QuantNaryTreeLearner_Teacher_Filter_exact,PDFA - b0c1dd45386e4583842f14cce3adb096,191,165,9,34.76126489999933,1491,47,3,5,1.0,0.301,False,True
159,QuantNaryTreeLearner_Teacher_Filter_exact,PDFA - b0c1dd45386e4583842f14cce3adb096,191,165,10,34.76295519999985,1491,47,3,5,1.0,0.301,False,True
160,QuantNaryTreeLearner_Teacher_Filter_exact,PDFA - 13f5a35f1b3148e78f0d99a5af123a15,186,149,1,26.279348400000345,1326,41,3,5,1.0,0.304,False,True
161,QuantNaryTreeLearner_Teacher_Filter_exact,PDFA - 13f5a35f1b3148e78f0d99a5af123a15,186,149,2,26.311984899999516,1326,41,3,5,1.0,0.304,False,True
162,QuantNaryTreeLearner_Teacher_Filter_exact,PDFA - 13f5a35f1b3148e78f0d99a5af123a15,186,149,3,26.658258999999816,1326,41,3,5,1.0,0.304,False,True
163,QuantNaryTreeLearner_Teacher_Filter_exact,PDFA - 13f5a35f1b3148e78f0d99a5af123a15,186,149,4,26.30881270000009,1326,41,3,5,1.0,0.304,False,True
164,QuantNaryTreeLearner_Teacher_Filter_exact,PDFA - 13f5a35f1b3148e78f0d99a5af123a15,186,149,5,26.350835299999744,1326,41,3,5,1.0,0.304,False,True
165,QuantNaryTreeLearner_Teacher_Filter_exact,PDFA - 13f5a35f1b3148e78f0d99a5af123a15,186,149,6,26.753131399999802,1326,41,3,5,1.0,0.304,False,True
166,QuantNaryTreeLearner_Teacher_Filter_exact,PDFA - 13f5a35f1b3148e78f0d99a5af123a15,186,149,7,26.22514659999979,1326,41,3,5,1.0,0.304,False,True
167,QuantNaryTreeLearner_Teacher_Filter_exact,PDFA - 13f5a35f1b3148e78f0d99a5af123a15,186,149,8,25.991613700000016,1326,41,3,5,1.0,0.304,False,True
168,QuantNaryTreeLearner_Teacher_Filter_exact,PDFA - 13f5a35f1b3148e78f0d99a5af123a15,186,149,9,25.266937400000643,1326,41,3,5,1.0,0.304,False,True
169,QuantNaryTreeLearner_Teacher_Filter_exact,PDFA - 13f5a35f1b3148e78f0d99a5af123a15,186,149,10,25.22817230000055,1326,41,3,5,1.0,0.304,False,True
170,QuantNaryTreeLearner_Teacher_Filter_exact,PDFA - 0658cdcd6b9848a7accd755182bd9541,196,169,1,34.35639100000026,1551,47,3,5,1.0,0.21,False,True
171,QuantNaryTreeLearner_Teacher_Filter_exact,PDFA - 0658cdcd6b9848a7accd755182bd9541,196,169,2,34.33170809999956,1551,47,3,5,1.0,0.21,False,True
172,QuantNaryTreeLearner_Teacher_Filter_exact,PDFA - 0658cdcd6b9848a7accd755182bd9541,196,169,3,34.41315099999974,1551,47,3,5,1.0,0.21,False,True
173,QuantNaryTreeLearner_Teacher_Filter_exact,PDFA - 0658cdcd6b9848a7accd755182bd9541,196,169,4,34.91954389999955,1551,47,3,5,1.0,0.21,False,True
174,QuantNaryTreeLearner_Teacher_Filter_exact,PDFA - 0658cdcd6b9848a7accd755182bd9541,196,169,5,34.10774129999936,1551,47,3,5,1.0,0.21,False,True
175,QuantNaryTreeLearner_Teacher_Filter_exact,PDFA - 0658cdcd6b9848a7accd755182bd9541,196,169,6,34.29903360000026,1551,47,3,5,1.0,0.21,False,True
176,QuantNaryTreeLearner_Teacher_Filter_exact,PDFA - 0658cdcd6b9848a7accd755182bd9541,196,169,7,34.092316199999914,1551,47,3,5,1.0,0.21,False,True
177,QuantNaryTreeLearner_Teacher_Filter_exact,PDFA - 0658cdcd6b9848a7accd755182bd9541,196,169,8,34.33057099999951,1551,47,3,5,1.0,0.21,False,True
178,QuantNaryTreeLearner_Teacher_Filter_exact,PDFA - 0658cdcd6b9848a7accd755182bd9541,196,169,9,34.398880499999905,1551,47,3,5,1.0,0.21,False,True
179,QuantNaryTreeLearner_Teacher_Filter_exact,PDFA - 0658cdcd6b9848a7accd755182bd9541,196,169,10,36.37541090000013,1551,47,3,5,1.0,0.21,False,True
180,QuantNaryTreeLearner_Teacher_Filter_exact,PDFA - 6d373be47d8243269aac0eaf39e27c1d,192,167,1,38.01684540000042,1590,46,3,4,1.0,0.232,False,True
181,QuantNaryTreeLearner_Teacher_Filter_exact,PDFA - 6d373be47d8243269aac0eaf39e27c1d,192,167,2,38.86285239999961,1590,46,3,4,1.0,0.232,False,True
182,QuantNaryTreeLearner_Teacher_Filter_exact,PDFA - 6d373be47d8243269aac0eaf39e27c1d,192,167,3,37.32021639999948,1590,46,3,4,1.0,0.232,False,True
183,QuantNaryTreeLearner_Teacher_Filter_exact,PDFA - 6d373be47d8243269aac0eaf39e27c1d,192,167,4,40.8627848999995,1590,46,3,4,1.0,0.232,False,True
184,QuantNaryTreeLearner_Teacher_Filter_exact,PDFA - 6d373be47d8243269aac0eaf39e27c1d,192,167,5,38.571344599999975,1590,46,3,4,1.0,0.232,False,True
185,QuantNaryTreeLearner_Teacher_Filter_exact,PDFA - 6d373be47d8243269aac0eaf39e27c1d,192,167,6,38.923460399999385,1590,46,3,4,1.0,0.232,False,True
186,QuantNaryTreeLearner_Teacher_Filter_exact,PDFA - 6d373be47d8243269aac0eaf39e27c1d,192,167,7,37.641774100000475,1590,46,3,4,1.0,0.232,False,True
187,QuantNaryTreeLearner_Teacher_Filter_exact,PDFA - 6d373be47d8243269aac0eaf39e27c1d,192,167,8,38.06139110000004,1590,46,3,4,1.0,0.232,False,True
188,QuantNaryTreeLearner_Teacher_Filter_exact,PDFA - 6d373be47d8243269aac0eaf39e27c1d,192,167,9,40.38265239999964,1590,46,3,4,1.0,0.232,False,True
189,QuantNaryTreeLearner_Teacher_Filter_exact,PDFA - 6d373be47d8243269aac0eaf39e27c1d,192,167,10,37.80011269999977,1590,46,3,4,1.0,0.232,False,True
190,QuantNaryTreeLearner_Teacher_Filter_exact,PDFA - 37cca9b796ea4fa08ee03524ec6056ca,196,175,1,41.354385300000104,1755,45,3,6,1.0,0.211,False,True
191,QuantNaryTreeLearner_Teacher_Filter_exact,PDFA - 37cca9b796ea4fa08ee03524ec6056ca,196,175,2,40.7586493000008,1755,45,3,6,1.0,0.211,False,True
192,QuantNaryTreeLearner_Teacher_Filter_exact,PDFA - 37cca9b796ea4fa08ee03524ec6056ca,196,175,3,40.87203809999937,1755,45,3,6,1.0,0.211,False,True
193,QuantNaryTreeLearner_Teacher_Filter_exact,PDFA - 37cca9b796ea4fa08ee03524ec6056ca,196,175,4,41.97208920000048,1755,45,3,6,1.0,0.211,False,True
194,QuantNaryTreeLearner_Teacher_Filter_exact,PDFA - 37cca9b796ea4fa08ee03524ec6056ca,196,175,5,40.52468289999979,1755,45,3,6,1.0,0.211,False,True
195,QuantNaryTreeLearner_Teacher_Filter_exact,PDFA - 37cca9b796ea4fa08ee03524ec6056ca,196,175,6,39.8489955999994,1755,45,3,6,1.0,0.211,False,True
196,QuantNaryTreeLearner_Teacher_Filter_exact,PDFA - 37cca9b796ea4fa08ee03524ec6056ca,196,175,7,37.973523399999976,1755,45,3,6,1.0,0.211,False,True
197,QuantNaryTreeLearner_Teacher_Filter_exact,PDFA - 37cca9b796ea4fa08ee03524ec6056ca,196,175,8,38.150509499999316,1755,45,3,6,1.0,0.211,False,True
198,QuantNaryTreeLearner_Teacher_Filter_exact,PDFA - 37cca9b796ea4fa08ee03524ec6056ca,196,175,9,38.0951328000001,1755,45,3,6,1.0,0.211,False,True
199,QuantNaryTreeLearner_Teacher_Filter_exact,PDFA - 37cca9b796ea4fa08ee03524ec6056ca,196,175,10,38.63598869999987,1755,45,3,6,1.0,0.211,False,True
200,QuantNaryTreeLearner_Teacher_Filter_exact,PDFA - a15152b771fa4f7b905ba38356659e92,306,263,1,90.64928450000025,2466,67,3,5,1.0,0.241,False,True
201,QuantNaryTreeLearner_Teacher_Filter_exact,PDFA - a15152b771fa4f7b905ba38356659e92,306,263,2,90.81246469999951,2466,67,3,5,1.0,0.241,False,True
202,QuantNaryTreeLearner_Teacher_Filter_exact,PDFA - a15152b771fa4f7b905ba38356659e92,306,263,3,90.88343499999974,2466,67,3,5,1.0,0.241,False,True
203,QuantNaryTreeLearner_Teacher_Filter_exact,PDFA - a15152b771fa4f7b905ba38356659e92,306,263,4,90.84532320000017,2466,67,3,5,1.0,0.241,False,True
204,QuantNaryTreeLearner_Teacher_Filter_exact,PDFA - a15152b771fa4f7b905ba38356659e92,306,263,5,92.14161220000005,2466,67,3,5,1.0,0.241,False,True
205,QuantNaryTreeLearner_Teacher_Filter_exact,PDFA - a15152b771fa4f7b905ba38356659e92,306,263,6,91.89785459999985,2466,67,3,5,1.0,0.241,False,True
206,QuantNaryTreeLearner_Teacher_Filter_exact,PDFA - a15152b771fa4f7b905ba38356659e92,306,263,7,95.8606319999999,2466,67,3,5,1.0,0.241,False,True
207,QuantNaryTreeLearner_Teacher_Filter_exact,PDFA - a15152b771fa4f7b905ba38356659e92,306,263,8,93.55561939999916,2466,67,3,5,1.0,0.241,False,True
208,QuantNaryTreeLearner_Teacher_Filter_exact,PDFA - a15152b771fa4f7b905ba38356659e92,306,263,9,94.30568949999997,2466,67,3,5,1.0,0.241,False,True
209,QuantNaryTreeLearner_Teacher_Filter_exact,PDFA - a15152b771fa4f7b905ba38356659e92,306,263,10,94.30036610000025,2466,67,3,5,1.0,0.241,False,True
210,QuantNaryTreeLearner_Teacher_Filter_exact,PDFA - 3ff59a2d284646b88604fc1b5cd37b09,306,262,1,87.18684949999988,2433,65,3,5,1.0,0.317,False,True
211,QuantNaryTreeLearner_Teacher_Filter_exact,PDFA - 3ff59a2d284646b88604fc1b5cd37b09,306,262,2,89.13956099999996,2433,65,3,5,1.0,0.317,False,True
212,QuantNaryTreeLearner_Teacher_Filter_exact,PDFA - 3ff59a2d284646b88604fc1b5cd37b09,306,262,3,87.1025753999993,2433,65,3,5,1.0,0.317,False,True
213,QuantNaryTreeLearner_Teacher_Filter_exact,PDFA - 3ff59a2d284646b88604fc1b5cd37b09,306,262,4,87.12301959999968,2433,65,3,5,1.0,0.317,False,True
214,QuantNaryTreeLearner_Teacher_Filter_exact,PDFA - 3ff59a2d284646b88604fc1b5cd37b09,306,262,5,90.17090689999986,2433,65,3,5,1.0,0.317,False,True
215,QuantNaryTreeLearner_Teacher_Filter_exact,PDFA - 3ff59a2d284646b88604fc1b5cd37b09,306,262,6,89.1403220000002,2433,65,3,5,1.0,0.317,False,True
216,QuantNaryTreeLearner_Teacher_Filter_exact,PDFA - 3ff59a2d284646b88604fc1b5cd37b09,306,262,7,88.4678915000004,2433,65,3,5,1.0,0.317,False,True
217,QuantNaryTreeLearner_Teacher_Filter_exact,PDFA - 3ff59a2d284646b88604fc1b5cd37b09,306,262,8,86.93807319999996,2433,65,3,5,1.0,0.317,False,True
218,QuantNaryTreeLearner_Teacher_Filter_exact,PDFA - 3ff59a2d284646b88604fc1b5cd37b09,306,262,9,87.68280520000008,2433,65,3,5,1.0,0.317,False,True
219,QuantNaryTreeLearner_Teacher_Filter_exact,PDFA - 3ff59a2d284646b88604fc1b5cd37b09,306,262,10,86.60253490000014,2433,65,3,5,1.0,0.317,False,True
220,QuantNaryTreeLearner_Teacher_Filter_exact,PDFA - 174d73c0c18c4440b82d52f472db975b,308,269,1,100.62553090000074,2481,65,3,5,1.0,0.16,False,True
221,QuantNaryTreeLearner_Teacher_Filter_exact,PDFA - 174d73c0c18c4440b82d52f472db975b,308,269,2,100.05425490000016,2481,65,3,5,1.0,0.16,False,True
222,QuantNaryTreeLearner_Teacher_Filter_exact,PDFA - 174d73c0c18c4440b82d52f472db975b,308,269,3,99.96004169999833,2481,65,3,5,1.0,0.16,False,True
223,QuantNaryTreeLearner_Teacher_Filter_exact,PDFA - 174d73c0c18c4440b82d52f472db975b,308,269,4,96.35697810000056,2481,65,3,5,1.0,0.16,False,True
224,QuantNaryTreeLearner_Teacher_Filter_exact,PDFA - 174d73c0c18c4440b82d52f472db975b,308,269,5,95.79804660000082,2481,65,3,5,1.0,0.16,False,True
225,QuantNaryTreeLearner_Teacher_Filter_exact,PDFA - 174d73c0c18c4440b82d52f472db975b,308,269,6,96.89264639999965,2481,65,3,5,1.0,0.16,False,True
226,QuantNaryTreeLearner_Teacher_Filter_exact,PDFA - 174d73c0c18c4440b82d52f472db975b,308,269,7,95.91030619999947,2481,65,3,5,1.0,0.16,False,True
227,QuantNaryTreeLearner_Teacher_Filter_exact,PDFA - 174d73c0c18c4440b82d52f472db975b,308,269,8,95.73515140000018,2481,65,3,5,1.0,0.16,False,True
228,QuantNaryTreeLearner_Teacher_Filter_exact,PDFA - 174d73c0c18c4440b82d52f472db975b,308,269,9,95.11207279999871,2481,65,3,5,1.0,0.16,False,True
229,QuantNaryTreeLearner_Teacher_Filter_exact,PDFA - 174d73c0c18c4440b82d52f472db975b,308,269,10,96.15164869999899,2481,65,3,5,1.0,0.16,False,True
230,QuantNaryTreeLearner_Teacher_Filter_exact,PDFA - f694ab0e46a543c99f0713db03d12393,295,255,1,85.13891719999992,2361,61,3,5,1.0,0.295,False,True
231,QuantNaryTreeLearner_Teacher_Filter_exact,PDFA - f694ab0e46a543c99f0713db03d12393,295,255,2,83.69518269999935,2361,61,3,5,1.0,0.295,False,True
232,QuantNaryTreeLearner_Teacher_Filter_exact,PDFA - f694ab0e46a543c99f0713db03d12393,295,255,3,82.2312364999998,2361,61,3,5,1.0,0.295,False,True
233,QuantNaryTreeLearner_Teacher_Filter_exact,PDFA - f694ab0e46a543c99f0713db03d12393,295,255,4,83.21741750000001,2361,61,3,5,1.0,0.295,False,True
234,QuantNaryTreeLearner_Teacher_Filter_exact,PDFA - f694ab0e46a543c99f0713db03d12393,295,255,5,82.00858410000001,2361,61,3,5,1.0,0.295,False,True
235,QuantNaryTreeLearner_Teacher_Filter_exact,PDFA - f694ab0e46a543c99f0713db03d12393,295,255,6,81.0315800999997,2361,61,3,5,1.0,0.295,False,True
236,QuantNaryTreeLearner_Teacher_Filter_exact,PDFA - f694ab0e46a543c99f0713db03d12393,295,255,7,81.41129999999976,2361,61,3,5,1.0,0.295,False,True
237,QuantNaryTreeLearner_Teacher_Filter_exact,PDFA - f694ab0e46a543c99f0713db03d12393,295,255,8,80.88645350000115,2361,61,3,5,1.0,0.295,False,True
238,QuantNaryTreeLearner_Teacher_Filter_exact,PDFA - f694ab0e46a543c99f0713db03d12393,295,255,9,81.18655799999942,2361,61,3,5,1.0,0.295,False,True
239,QuantNaryTreeLearner_Teacher_Filter_exact,PDFA - f694ab0e46a543c99f0713db03d12393,295,255,10,81.4652432999992,2361,61,3,5,1.0,0.295,False,True
240,QuantNaryTreeLearner_Teacher_Filter_exact,PDFA - 414bed1eac544887871f1da994d1e69c,288,240,1,78.25511519999964,2268,64,3,5,1.0,0.242,False,True
241,QuantNaryTreeLearner_Teacher_Filter_exact,PDFA - 414bed1eac544887871f1da994d1e69c,288,240,2,78.23492350000015,2268,64,3,5,1.0,0.242,False,True
242,QuantNaryTreeLearner_Teacher_Filter_exact,PDFA - 414bed1eac544887871f1da994d1e69c,288,240,3,78.75054060000002,2268,64,3,5,1.0,0.242,False,True
243,QuantNaryTreeLearner_Teacher_Filter_exact,PDFA - 414bed1eac544887871f1da994d1e69c,288,240,4,78.85345880000023,2268,64,3,5,1.0,0.242,False,True
244,QuantNaryTreeLearner_Teacher_Filter_exact,PDFA - 414bed1eac544887871f1da994d1e69c,288,240,5,78.60283680000066,2268,64,3,5,1.0,0.242,False,True
245,QuantNaryTreeLearner_Teacher_Filter_exact,PDFA - 414bed1eac544887871f1da994d1e69c,288,240,6,79.06430879999971,2268,64,3,5,1.0,0.242,False,True
246,QuantNaryTreeLearner_Teacher_Filter_exact,PDFA - 414bed1eac544887871f1da994d1e69c,288,240,7,78.04737019999993,2268,64,3,5,1.0,0.242,False,True
247,QuantNaryTreeLearner_Teacher_Filter_exact,PDFA - 414bed1eac544887871f1da994d1e69c,288,240,8,78.39510410000003,2268,64,3,5,1.0,0.242,False,True
248,QuantNaryTreeLearner_Teacher_Filter_exact,PDFA - 414bed1eac544887871f1da994d1e69c,288,240,9,78.27407779999885,2268,64,3,5,1.0,0.242,False,True
249,QuantNaryTreeLearner_Teacher_Filter_exact,PDFA - 414bed1eac544887871f1da994d1e69c,288,240,10,80.11925899999915,2268,64,3,5,1.0,0.242,False,True
250,QuantNaryTreeLearner_Teacher_Filter_exact,PDFA - 1e9e2f8dc20c4258b732140704a611fa,287,246,1,98.38862800000061,2397,71,3,6,1.0,0.163,False,True
251,QuantNaryTreeLearner_Teacher_Filter_exact,PDFA - 1e9e2f8dc20c4258b732140704a611fa,287,246,2,98.98517840000022,2397,71,3,6,1.0,0.163,False,True
252,QuantNaryTreeLearner_Teacher_Filter_exact,PDFA - 1e9e2f8dc20c4258b732140704a611fa,287,246,3,98.37552200000027,2397,71,3,6,1.0,0.163,False,True
253,QuantNaryTreeLearner_Teacher_Filter_exact,PDFA - 1e9e2f8dc20c4258b732140704a611fa,287,246,4,98.95184210000116,2397,71,3,6,1.0,0.163,False,True
254,QuantNaryTreeLearner_Teacher_Filter_exact,PDFA - 1e9e2f8dc20c4258b732140704a611fa,287,246,5,99.95322549999946,2397,71,3,6,1.0,0.163,False,True
255,QuantNaryTreeLearner_Teacher_Filter_exact,PDFA - 1e9e2f8dc20c4258b732140704a611fa,287,246,6,98.64288669999951,2397,71,3,6,1.0,0.163,False,True
256,QuantNaryTreeLearner_Teacher_Filter_exact,PDFA - 1e9e2f8dc20c4258b732140704a611fa,287,246,7,99.5401047000014,2397,71,3,6,1.0,0.163,False,True
257,QuantNaryTreeLearner_Teacher_Filter_exact,PDFA - 1e9e2f8dc20c4258b732140704a611fa,287,246,8,100.53056469999865,2397,71,3,6,1.0,0.163,False,True
258,QuantNaryTreeLearner_Teacher_Filter_exact,PDFA - 1e9e2f8dc20c4258b732140704a611fa,287,246,9,98.49023699999998,2397,71,3,6,1.0,0.163,False,True
259,QuantNaryTreeLearner_Teacher_Filter_exact,PDFA - 1e9e2f8dc20c4258b732140704a611fa,287,246,10,98.47179610000057,2397,71,3,6,1.0,0.163,False,True
260,QuantNaryTreeLearner_Teacher_Filter_exact,PDFA - 995ac89a48ff410c8767993954dd9055,294,248,1,93.32068350000009,2331,67,3,5,1.0,0.37,False,True
261,QuantNaryTreeLearner_Teacher_Filter_exact,PDFA - 995ac89a48ff410c8767993954dd9055,294,248,2,92.88337580000007,2331,67,3,5,1.0,0.37,False,True
262,QuantNaryTreeLearner_Teacher_Filter_exact,PDFA - 995ac89a48ff410c8767993954dd9055,294,248,3,93.31258190000153,2331,67,3,5,1.0,0.37,False,True
263,QuantNaryTreeLearner_Teacher_Filter_exact,PDFA - 995ac89a48ff410c8767993954dd9055,294,248,4,93.31442509999943,2331,67,3,5,1.0,0.37,False,True
264,QuantNaryTreeLearner_Teacher_Filter_exact,PDFA - 995ac89a48ff410c8767993954dd9055,294,248,5,93.0007714000003,2331,67,3,5,1.0,0.37,False,True
265,QuantNaryTreeLearner_Teacher_Filter_exact,PDFA - 995ac89a48ff410c8767993954dd9055,294,248,6,92.95590119999906,2331,67,3,5,1.0,0.37,False,True
266,QuantNaryTreeLearner_Teacher_Filter_exact,PDFA - 995ac89a48ff410c8767993954dd9055,294,248,7,92.94883569999911,2331,67,3,5,1.0,0.37,False,True
267,QuantNaryTreeLearner_Teacher_Filter_exact,PDFA - 995ac89a48ff410c8767993954dd9055,294,248,8,93.06061640000007,2331,67,3,5,1.0,0.37,False,True
268,QuantNaryTreeLearner_Teacher_Filter_exact,PDFA - 995ac89a48ff410c8767993954dd9055,294,248,9,93.22688930000004,2331,67,3,5,1.0,0.37,False,True
269,QuantNaryTreeLearner_Teacher_Filter_exact,PDFA - 995ac89a48ff410c8767993954dd9055,294,248,10,93.46438789999956,2331,67,3,5,1.0,0.37,False,True
270,QuantNaryTreeLearner_Teacher_Filter_exact,PDFA - d947220b01ed49adb1265fa52f792466,297,259,1,78.86435259999962,2328,62,3,5,1.0,0.257,False,True
271,QuantNaryTreeLearner_Teacher_Filter_exact,PDFA - d947220b01ed49adb1265fa52f792466,297,259,2,79.45393510000031,2328,62,3,5,1.0,0.257,False,True
272,QuantNaryTreeLearner_Teacher_Filter_exact,PDFA - d947220b01ed49adb1265fa52f792466,297,259,3,78.42253990000063,2328,62,3,5,1.0,0.257,False,True
273,QuantNaryTreeLearner_Teacher_Filter_exact,PDFA - d947220b01ed49adb1265fa52f792466,297,259,4,79.5614198000003,2328,62,3,5,1.0,0.257,False,True
274,QuantNaryTreeLearner_Teacher_Filter_exact,PDFA - d947220b01ed49adb1265fa52f792466,297,259,5,80.13740440000038,2328,62,3,5,1.0,0.257,False,True
275,QuantNaryTreeLearner_Teacher_Filter_exact,PDFA - d947220b01ed49adb1265fa52f792466,297,259,6,79.61836659999972,2328,62,3,5,1.0,0.257,False,True
276,QuantNaryTreeLearner_Teacher_Filter_exact,PDFA - d947220b01ed49adb1265fa52f792466,297,259,7,79.53914059999988,2328,62,3,5,1.0,0.257,False,True
277,QuantNaryTreeLearner_Teacher_Filter_exact,PDFA - d947220b01ed49adb1265fa52f792466,297,259,8,79.21343770000021,2328,62,3,5,1.0,0.257,False,True
278,QuantNaryTreeLearner_Teacher_Filter_exact,PDFA - d947220b01ed49adb1265fa52f792466,297,259,9,78.80478749999929,2328,62,3,5,1.0,0.257,False,True
279,QuantNaryTreeLearner_Teacher_Filter_exact,PDFA - d947220b01ed49adb1265fa52f792466,297,259,10,78.98106259999986,2328,62,3,5,1.0,0.257,False,True
280,QuantNaryTreeLearner_Teacher_Filter_exact,PDFA - 76432409d3304f82be7912fb44774b3c,284,260,1,84.82348739999907,2376,66,3,5,1.0,0.354,False,True
281,QuantNaryTreeLearner_Teacher_Filter_exact,PDFA - 76432409d3304f82be7912fb44774b3c,284,260,2,84.79845600000044,2376,66,3,5,1.0,0.354,False,True
282,QuantNaryTreeLearner_Teacher_Filter_exact,PDFA - 76432409d3304f82be7912fb44774b3c,284,260,3,86.1313381,2376,66,3,5,1.0,0.354,False,True
283,QuantNaryTreeLearner_Teacher_Filter_exact,PDFA - 76432409d3304f82be7912fb44774b3c,284,260,4,84.75686739999946,2376,66,3,5,1.0,0.354,False,True
284,QuantNaryTreeLearner_Teacher_Filter_exact,PDFA - 76432409d3304f82be7912fb44774b3c,284,260,5,84.49351669999851,2376,66,3,5,1.0,0.354,False,True
285,QuantNaryTreeLearner_Teacher_Filter_exact,PDFA - 76432409d3304f82be7912fb44774b3c,284,260,6,84.39656540000033,2376,66,3,5,1.0,0.354,False,True
286,QuantNaryTreeLearner_Teacher_Filter_exact,PDFA - 76432409d3304f82be7912fb44774b3c,284,260,7,84.79571140000007,2376,66,3,5,1.0,0.354,False,True
287,QuantNaryTreeLearner_Teacher_Filter_exact,PDFA - 76432409d3304f82be7912fb44774b3c,284,260,8,84.62751260000005,2376,66,3,5,1.0,0.354,False,True
288,QuantNaryTreeLearner_Teacher_Filter_exact,PDFA - 76432409d3304f82be7912fb44774b3c,284,260,9,84.68474809999861,2376,66,3,5,1.0,0.354,False,True
289,QuantNaryTreeLearner_Teacher_Filter_exact,PDFA - 76432409d3304f82be7912fb44774b3c,284,260,10,84.40314709999984,2376,66,3,5,1.0,0.354,False,True
290,QuantNaryTreeLearner_Teacher_Filter_exact,PDFA - 6fb8fbe8d17745c9a97296d7dae274eb,303,272,1,98.17739939999956,2526,66,3,4,1.0,0.156,False,True
291,QuantNaryTreeLearner_Teacher_Filter_exact,PDFA - 6fb8fbe8d17745c9a97296d7dae274eb,303,272,2,102.8260064999995,2526,66,3,4,1.0,0.156,False,True
292,QuantNaryTreeLearner_Teacher_Filter_exact,PDFA - 6fb8fbe8d17745c9a97296d7dae274eb,303,272,3,100.32868710000002,2526,66,3,4,1.0,0.156,False,True
293,QuantNaryTreeLearner_Teacher_Filter_exact,PDFA - 6fb8fbe8d17745c9a97296d7dae274eb,303,272,4,98.96727869999995,2526,66,3,4,1.0,0.156,False,True
294,QuantNaryTreeLearner_Teacher_Filter_exact,PDFA - 6fb8fbe8d17745c9a97296d7dae274eb,303,272,5,98.88793019999866,2526,66,3,4,1.0,0.156,False,True
295,QuantNaryTreeLearner_Teacher_Filter_exact,PDFA - 6fb8fbe8d17745c9a97296d7dae274eb,303,272,6,98.65567250000095,2526,66,3,4,1.0,0.156,False,True
296,QuantNaryTreeLearner_Teacher_Filter_exact,PDFA - 6fb8fbe8d17745c9a97296d7dae274eb,303,272,7,104.75941530000091,2526,66,3,4,1.0,0.156,False,True
297,QuantNaryTreeLearner_Teacher_Filter_exact,PDFA - 6fb8fbe8d17745c9a97296d7dae274eb,303,272,8,99.28385569999955,2526,66,3,4,1.0,0.156,False,True
298,QuantNaryTreeLearner_Teacher_Filter_exact,PDFA - 6fb8fbe8d17745c9a97296d7dae274eb,303,272,9,99.06134519999978,2526,66,3,4,1.0,0.156,False,True
299,QuantNaryTreeLearner_Teacher_Filter_exact,PDFA - 6fb8fbe8d17745c9a97296d7dae274eb,303,272,10,98.34353620000184,2526,66,3,4,1.0,0.156,False,True
